{"position":{"x":-72.94999694824219,"y":21.729991912841798,"z":-0.02943844348192215},"health":3}