{"position":{"x":9823.03125,"y":9027.005859375,"z":-0.02943844348192215},"health":3}