{"position":{"x":-67.28260803222656,"y":21.188447952270509,"z":-0.14726334810256959},"health":3}